id	product_id	track_number	name	composer	arranger	source_id	is_original
01010001	0101	1	A Sacred Lot	ZUN			1
01010002	0101	2	永遠の巫女	ZUN			1
01010003	0101	3	The Positive and Negative	ZUN			1
01010004	0101	4	Highly Responsive to Prayers	ZUN			1
01010005	0101	5	東方怪奇談	ZUN			1
01010006	0101	6	天使伝説	ZUN			1
01010007	0101	7	Oriental Magician	ZUN			1
01010008	0101	8	破邪の小太刀	ZUN			1
01010009	0101	9	魔鏡	ZUN			1
01010010	0101	10	the Legend of KAGE	ZUN			1
01010011	0101	11	いざ、倒れ逝くその時まで	ZUN			1
01010012	0101	12	死なばもろとも	ZUN			1
01010013	0101	13	星幽剣士	ZUN			1
01010014	0101	14	アイリス	ZUN			1
01010015	0101	15	風の神社	ZUN			1
01020001	0102	1	東方封魔録　～ 浄土曼荼羅	ZUN			1
01020002	0102	2	博麗　～ Eastern Wind	ZUN			1
01020003	0102	3	She's in a temper!!	ZUN			1
01020004	0102	4	End of Daylight	ZUN			1
01020005	0102	5	やみのちから	ZUN			1
01020006	0102	6	幻夢界	ZUN			1
01020007	0102	7	死を賭して	ZUN			1
01020008	0102	8	ひもろぎ、むらさきにもえ	ZUN			1
01020009	0102	9	恋色マジック	ZUN			1
01020010	0102	10	東方封魔録　～ 幽幻乱舞	ZUN			1
01020011	0102	11	Complete Darkness	ZUN			1
01020012	0102	12	エキストララブ	ZUN			1
01020013	0102	13	戦車むすめのみるゆめ	ZUN			1
01020014	0102	14	遠野の森	ZUN			1
01020015	0102	15	昔話わんだーらんど	ZUN			1
01020016	0102	16	博麗神社境内	ZUN			1
01020017	0102	17	陽落ちて	ZUN			1
01020018	0102	18	封魔終演	ZUN			1
01030001	0103	1	夢は時空を越えて	ZUN			1
01030002	0103	2	Selection	ZUN			1
01030003	0103	3	東方妖恋談	ZUN			1
01030004	0103	4	Reincarnation	ZUN			1
01030005	0103	5	Dim. Dream	ZUN			1
01030006	0103	6	Tabula rasa　～ 空白少女	ZUN			1
01030007	0103	7	Maniacal Princess	ZUN			1
01030008	0103	8	夢消失　～ Lost Dream	ZUN			1
01030009	0103	9	夢幻遊戯　～ Dream War	ZUN			1
01030010	0103	10	魔法決戦！　～ Fight it out!	ZUN			1
01030011	0103	11	Sailor of Time	ZUN			1
01030012	0103	12	Strawberry Crisis!!	ZUN			1
01030013	0103	13	非統一魔法世界論	ZUN			1
01030014	0103	14	魔法鐘愛	ZUN			1
01030015	0103	15	久遠の夢	ZUN			1
01030016	0103	16	東方の青い空	ZUN			1
01030017	0103	17	永遠の満月	ZUN			1
01030018	0103	18	Maple Dream...	ZUN			1
01030019	0103	19	霊人の休日	ZUN			1
01030020	0103	20	勝利デモ	ZUN			1
01030021	0103	21	ゲームオーバー	ZUN			1
01030022	0103	22	時の風	ZUN			1
01030023	0103	23	スターボウドリーム	ZUN			1
01030024	0103	24	Phantasmagoria	ZUN			1
01040001	0104	1	幻想郷　～ Lotus Land Story	ZUN			1
01040002	0104	2	Witching Dream	ZUN			1
01040003	0104	3	Selene's light	ZUN			1
01040004	0104	4	装飾戦　～ Decoration Battle	ZUN			1
01040005	0104	5	Break the Sabbath	ZUN			1
01040006	0104	6	紅響曲　～ Scarlet Phoneme	ZUN			1
01040007	0104	7	Bad Apple!!	ZUN			1
01040008	0104	8	霊戦　～ Perdition crisis	ZUN			1
01040009	0104	9	アリスマエステラ	ZUN			1
01040010	0104	10	少女綺想曲　～ Capriccio	ZUN			1
01040011	0104	11	星の器　～ Casket of Star	ZUN			1
01040012	0104	12	Lotus Love	ZUN			1
01040013	0104	13	眠れる恐怖　～ Sleeping Terror	ZUN			1
01040014	0104	14	Dream Land	ZUN			1
01040015	0104	15	幽夢　～ Inanimate Dream	ZUN			1
01040016	0104	16	禁じざるをえない遊戯	ZUN			1
01040017	0104	17	メイド幻想　～ Icemilk Magic	ZUN			1
01040018	0104	18	かわいい悪魔　～ Innocence	ZUN			1
01040019	0104	19	Days	ZUN			1
01040020	0104	20	Peaceful	ZUN			1
01040021	0104	21	Arcadian Dream	ZUN			1
01040022	0104	22	幻想の住人	ZUN			1
01040023	0104	23	Lotus Road	ZUN			1
01040024	0104	24	Dreamy pilot	ZUN			1
01040025	0104	25	Incomplete Plot	ZUN			1
01040026	0104	26	Border Land	ZUN			1
01040027	0104	27	Magic Shop of Raspberry	ZUN			1
01040028	0104	28	Crescent Dream	ZUN			1
01050001	0105	1	怪綺談　～ Mystic Square	ZUN			1
01050002	0105	2	Dream Express	ZUN			1
01050003	0105	3	魔法陣　～ Magic Square	ZUN			1
01050004	0105	4	夢想時空	ZUN			1
01050005	0105	5	霊天　～ Spiritual Heaven	ZUN			1
01050006	0105	6	Romantic Children	ZUN			1
01050007	0105	7	プラスチックマインド	ZUN			1
01050008	0105	8	メイプルワイズ	ZUN			1
01050009	0105	9	禁断の魔法　～ Forbidden Magic	ZUN			1
01050010	0105	10	真紅の少女　～ Crimson Dead!!	ZUN			1
01050011	0105	11	裏切りの少女　～ Judas Kiss	ZUN			1
01050012	0105	12	the Last Judgement	ZUN			1
01050013	0105	13	悲しき人形　～ Doll of Misery	ZUN			1
01050014	0105	14	世界の果て　～ World's End	ZUN			1
01050015	0105	15	神話幻想　～ Infinite Being	ZUN			1
01050016	0105	16	不思議の国のアリス	ZUN			1
01050017	0105	17	the Grimoire of Alice	ZUN			1
01050018	0105	18	神社	ZUN			1
01050019	0105	19	Endless	ZUN			1
01050020	0105	20	久遠の楽園	ZUN			1
01050021	0105	21	Mystic Dream	ZUN			1
01050022	0105	22	Peaceful Romancer	ZUN			1
01050023	0105	23	魂の休らむ所	ZUN			1
02010001	0201	1	赤より紅い夢	ZUN			1
02010002	0201	2	ほおずきみたいに紅い魂	ZUN			1
02010003	0201	3	妖魔夜行	ZUN			1
02010004	0201	4	ルーネイトエルフ	ZUN			1
02010005	0201	5	おてんば恋娘	ZUN			1
02010006	0201	6	上海紅茶館　～ Chinese Tea	ZUN			1
02010007	0201	7	明治十七年の上海アリス	ZUN			1
02010008	0201	8	ヴワル魔法図書館	ZUN			1
02010009	0201	9	ラクトガール　～ 少女密室	ZUN			1
02010010	0201	10	メイドと血の懐中時計	ZUN			1
02010011	0201	11	月時計　～ ルナ・ダイアル	ZUN			1
02010012	0201	12	ツェペシュの幼き末裔	ZUN			1
02010013	0201	13	亡き王女の為のセプテット	ZUN			1
02010014	0201	14	魔法少女達の百年祭	ZUN			1
02010015	0201	15	U.N.オーエンは彼女なのか？	ZUN			1
02010016	0201	16	紅より儚い永遠	ZUN			1
02010017	0201	17	紅楼　～ Eastern Dream...	ZUN			1
02020001	0202	1	妖々夢　～ Snow or Cherry Petal	ZUN			1
02020002	0202	2	無何有の郷　～ Deep Mountain	ZUN			1
02020003	0202	3	クリスタライズシルバー	ZUN			1
02020004	0202	4	遠野幻想物語	ZUN			1
02020005	0202	5	ティアオイエツォン(withered leaf)	ZUN			1
02020006	0202	6	ブクレシュティの人形師	ZUN			1
02020007	0202	7	人形裁判　～ 人の形弄びし少女	ZUN			1
02020008	0202	8	天空の花の都	ZUN			1
02020009	0202	9	幽霊楽団　～ Phantom Ensemble	ZUN			1
02020010	0202	10	東方妖々夢　～ Ancient Temple	ZUN			1
02020011	0202	11	広有射怪鳥事　～ Till When?	ZUN			1
02020012	0202	12	アルティメットトゥルース	ZUN			1
02020013	0202	13	幽雅に咲かせ、墨染の桜　～ Border of Life	ZUN			1
02020014	0202	14	ボーダーオブライフ	ZUN			1
02020015	0202	15	妖々跋扈	ZUN			1
02020016	0202	16	少女幻葬　～ Necro-Fantasy	ZUN			1
02020017	0202	17	妖々跋扈　～ Who done it!	ZUN			1
02020018	0202	18	ネクロファンタジア	ZUN			1
02020019	0202	19	春風の夢	ZUN			1
02020020	0202	20	さくらさくら　～ Japanize Dream...	ZUN			1
02020021	0202	21	過去の花　～ Fairy of Flower	ZUN			1
02030001	0203	1	萃夢想	U2			1
02030002	0203	2	東方妖恋談	ZUN	NKZ	01030003	0
02030003	0203	3	少女綺想曲　～ Capriccio	ZUN	U2	01040010	0
02030004	0203	4	恋色マジック	ZUN	NKZ	01020009	0
02030005	0203	5	魔女達の舞踏会　～ Magus	ZUN	U2		1
02030006	0203	6	メイドと血の懐中時計	ZUN	NKZ	02010010	0
02030007	0203	7	月時計　～ ルナ・ダイアル	ZUN	U2	02010011	0
02030008	0203	8	ブクレシュティの人形師	ZUN	NKZ	02020006	0
02030009	0203	9	人形裁判	ZUN	U2	02020007	0
02030010	0203	10	ラクトガール　～ 少女密室	ZUN	NKZ	02010009	0
02030011	0203	11	ヴワル魔法図書館	ZUN	U2	02010008	0
02030012	0203	12	広有射怪鳥事　～ Till When？	ZUN	NKZ	02020011	0
02030013	0203	13	東方妖々夢　～ Ancient Temple	ZUN	U2	02020010	0
02030014	0203	14	亡き王女の為のセプテット	ZUN	NKZ	02010013	0
02030015	0203	15	幽雅に咲かせ、墨染の桜　～ Border of Life	ZUN	NKZ	02020013	0
02030016	0203	16	Demystify Feast	ZUN			1
02030017	0203	17	夜が降りてくる　～ Evening Star	ZUN			1
02030018	0203	18	御伽の国の鬼が島　～ Missing Power	ZUN			1
02030019	0203	19	夏明き	NKZ			1
02030020	0203	20	東方萃夢想	U2			1
02030021	0203	21	魔所	NKZ			1
02030022	0203	22	月輪	NKZ			1
02030023	0203	23	遍参	NKZ			1
02030024	0203	24	裏心	NKZ			1
02030025	0203	25	Intermezzo	NKZ			1
02030026	0203	26	あゆのかぜ	NKZ			1
02030027	0203	27	森閑	U2			1
02030028	0203	28	仰空	U2			1
02030029	0203	29	幽境	U2			1
02030030	0203	30	珍客	U2			1
02030031	0203	31	紅夜	U2			1
02030032	0203	32	戦迅	U2			1
02030033	0203	33	禍機	U2			1
02030034	0203	34	砕月	U2			1
02040001	0204	1	永夜抄　～ Eastern Night.	ZUN			1
02040002	0204	2	幻視の夜　～ Ghostly Eyes	ZUN			1
02040003	0204	3	蠢々秋月　～ Mooned Insect	ZUN			1
02040004	0204	4	夜雀の歌声　～ Night Bird	ZUN			1
02040005	0204	5	もう歌しか聞こえない	ZUN			1
02040006	0204	6	懐かしき東方の血　～ Old World	ZUN			1
02040007	0204	7	プレインエイジア	ZUN			1
02040008	0204	8	永夜の報い　～ Imperishable Night.	ZUN			1
02040009	0204	9	少女綺想曲　～ Dream Battle	ZUN			1
02040010	0204	10	恋色マスタースパーク	ZUN			1
02040011	0204	11	シンデレラケージ　～ Kagome-Kagome	ZUN			1
02040012	0204	12	狂気の瞳　～ Invisible Full Moon	ZUN			1
02040013	0204	13	ヴォヤージュ1969	ZUN			1
02040014	0204	14	千年幻想郷　～ History of the Moon	ZUN			1
02040015	0204	15	竹取飛翔　～ Lunatic Princess	ZUN			1
02040016	0204	16	ヴォヤージュ1970	ZUN			1
02040017	0204	17	エクステンドアッシュ　～ 蓬莱人	ZUN			1
02040018	0204	18	月まで届け、不死の煙	ZUN			1
02040019	0204	19	月見草	ZUN			1
02040020	0204	20	Eternal Dream　～ 幽玄の槭樹	ZUN			1
02040021	0204	21	東方妖怪小町	ZUN			1
02050001	0205	1	花映塚　～ Higan Retour	ZUN			1
02050002	0205	2	春色小径　～ Colorful Path	ZUN			1
02050003	0205	3	オリエンタルダークフライト	ZUN			1
02050004	0205	4	フラワリングナイト	ZUN			1
02050005	0205	5	東方妖々夢　～ Ancient Temple	ZUN		02020010	0
02050006	0205	6	狂気の瞳　～ Invisible Full Moon	ZUN		02040012	0
02050007	0205	7	おてんば恋娘の冒険	ZUN			1
02050008	0205	8	幽霊楽団　～ Phantom Ensemble	ZUN		02020009	0
02050009	0205	9	もう歌しか聞こえない　～ Flower Mix	ZUN			1
02050010	0205	10	お宇佐さまの素い幡	ZUN			1
02050011	0205	11	風神少女　 (Short Version)	ZUN			1
02050012	0205	12	ポイズンボディ　～ Forsaken Doll	ZUN			1
02050013	0205	13	今昔幻想郷　～ Flower Land	ZUN			1
02050014	0205	14	彼岸帰航　～ Riverside View	ZUN			1
02050015	0205	15	六十年目の東方裁判　～ Fate of Sixty Years	ZUN			1
02050016	0205	16	花の映る塚	ZUN			1
02050017	0205	17	此岸の塚	ZUN			1
02050018	0205	18	花は幻想のままに	ZUN			1
02050019	0205	19	魂の花　～ Another Dream...	ZUN			1
02060001	0206	1	天狗の手帖　～ Mysterious Note	ZUN			1
02060002	0206	2	風の循環　～ Wind Tour	ZUN			1
02060003	0206	3	天狗が見ている　～ Black Eyes	ZUN			1
02060004	0206	4	東の国の眠らない夜	ZUN			1
02060005	0206	5	レトロスペクティブ京都	ZUN			1
02060006	0206	6	風神少女	ZUN			1
02070001	0207	1	封印されし神々	ZUN			1
02070002	0207	2	人恋し神様　～ Romantic Fall	ZUN			1
02070003	0207	3	稲田姫様に叱られるから	ZUN			1
02070004	0207	4	厄神様の通り道　～ Dark Road	ZUN			1
02070005	0207	5	運命のダークサイド	ZUN			1
02070006	0207	6	神々が恋した幻想郷	ZUN			1
02070007	0207	7	芥川龍之介の河童　～ Candid Friend	ZUN			1
02070008	0207	8	フォールオブフォール　～ 秋めく滝	ZUN			1
02070009	0207	9	妖怪の山　～ Mysterious Mountain	ZUN			1
02070010	0207	10	少女が見た日本の原風景	ZUN			1
02070011	0207	11	信仰は儚き人間の為に	ZUN			1
02070012	0207	12	御柱の墓場　～ Grave of Being	ZUN			1
02070013	0207	13	神さびた古戦場　～ Suwa Foughten Field	ZUN			1
02070014	0207	14	明日ハレの日、ケの昨日	ZUN			1
02070015	0207	15	ネイティブフェイス	ZUN			1
02070016	0207	16	麓の神社	ZUN			1
02070017	0207	17	神は恵みの雨を降らす　～ Sylphid Dream	ZUN			1
02070018	0207	18	プレイヤーズスコア	ZUN			1
02080001	0208	1	緋想天	あきやまうに			1
02080002	0208	2	日常坐臥	あきやまうに			1
02080003	0208	3	地の色は黄色	あきやまうに			1
02080004	0208	4	甲論乙駁	あきやまうに			1
02080005	0208	5	風光明媚	あきやまうに			1
02080006	0208	6	香る樹葉花	あきやまうに			1
02080007	0208	7	踊る水飛沫	あきやまうに			1
02080008	0208	8	以魚駆蠅	あきやまうに			1
02080009	0208	9	放縦不羈	あきやまうに			1
02080010	0208	10	嘲りの遊戯	あきやまうに			1
02080011	0208	11	冷吟閑酔	あきやまうに			1
02080012	0208	12	雲外蒼天	あきやまうに			1
02080013	0208	13	黒い海に紅く　～ Legendary Fish	ZUN			1
02080014	0208	14	天衣無縫	あきやまうに			1
02080015	0208	15	有頂天変　～ Wonderful Heaven	ZUN			1
02080016	0208	16	幼心地の有頂天	ZUN			1
02080017	0208	17	暮色蒼然	あきやまうに			1
02080018	0208	18	東方緋想天	あきやまうに			1
02080019	0208	19	東方妖恋談	ZUN	あきやまうに	01030003	0
02080020	0208	20	星の器　～ Casket of Star	ZUN	あきやまうに	01040011	0
02080021	0208	21	フラワリングナイト	ZUN	あきやまうに	02050004	0
02080022	0208	22	ブクレシュティの人形師	ZUN	あきやまうに	02020006	0
02080023	0208	23	広有射怪鳥事 ～ Till When？	ZUN	あきやまうに	02020011	0
02080024	0208	24	ラクトガール　～ 少女密室	ZUN	あきやまうに	02010009	0
02080025	0208	25	幽雅に咲かせ、墨染の桜　～ Border of Life	ZUN	あきやまうに	02020013	0
02080026	0208	26	亡き王女の為のセプテット	ZUN	あきやまうに	02010013	0
02080027	0208	27	夜が降りてくる	ZUN	あきやまうに		1
02080028	0208	28	砕月	U2		02030034	0
02080029	0208	29	狂気の瞳　～ Invisible Full Moon	ZUN	あきやまうに	02040012	0
02080030	0208	30	風神少女	ZUN	あきやまうに	02060006	0
02080031	0208	31	彼岸帰航　～ Riverside View	ZUN	あきやまうに	02050014	0
02090001	0209	1	地霊達の起床	ZUN			1
02090002	0209	2	暗闇の風穴	ZUN			1
02090003	0209	3	封じられた妖怪　～ Lost Place	ZUN			1
02090004	0209	4	渡る者の途絶えた橋	ZUN			1
02090005	0209	5	緑眼のジェラシー	ZUN			1
02090006	0209	6	旧地獄街道を行く	ZUN			1
02090007	0209	7	華のさかづき大江山	ZUN			1
02090008	0209	8	ハートフェルトファンシー	ZUN			1
02090009	0209	9	少女さとり　～ 3rd eye	ZUN			1
02090010	0209	10	廃獄ララバイ	ZUN			1
02090011	0209	11	死体旅行　～ Be of good cheer!	ZUN			1
02090012	0209	12	業火マントル	ZUN			1
02090013	0209	13	霊知の太陽信仰　～ Nuclear Fusion	ZUN			1
02090014	0209	14	ラストリモート	ZUN			1
02090015	0209	15	ハルトマンの妖怪少女	ZUN			1
02090016	0209	16	地霊達の帰宅	ZUN			1
02090017	0209	17	エネルギー黎明　～ Future Dream...	ZUN			1
02090018	0209	18	プレイヤーズスコア	ZUN		02070018	0
02100001	0210	1	青空の影	ZUN			1
02100002	0210	2	春の湊に	ZUN			1
02100003	0210	3	小さな小さな賢将	ZUN			1
02100004	0210	4	閉ざせし雲の通い路	ZUN			1
02100005	0210	5	万年置き傘にご注意を	ZUN			1
02100006	0210	6	スカイルーイン	ZUN			1
02100007	0210	7	時代親父とハイカラ少女	ZUN			1
02100008	0210	8	幽霊客船の時空を越えた旅	ZUN			1
02100009	0210	9	キャプテン・ムラサ	ZUN			1
02100010	0210	10	魔界地方都市エソテリア	ZUN			1
02100011	0210	11	虎柄の毘沙門天	ZUN			1
02100012	0210	12	法界の火	ZUN			1
02100013	0210	13	感情の摩天楼　～ Cosmic Mind	ZUN			1
02100014	0210	14	夜空のユーフォーロマンス	ZUN			1
02100015	0210	15	平安のエイリアン	ZUN			1
02100016	0210	16	妖怪寺	ZUN			1
02100017	0210	17	空の帰り道　～ Sky Dream	ZUN			1
02100018	0210	18	プレイヤーズスコア	ZUN		02070018	0
02110001	0211	1	君はあの影を見たか	あきやまうに			1
02110002	0211	2	萃夢想	あきやまうに		02030001	0
02110003	0211	3	伝説の巨神	あきやまうに			1
02110004	0211	4	ぼくらの非想天則	あきやまうに			1
02110005	0211	5	人形のある風景	あきやまうに			1
02110006	0211	6	悠久の蒸気機関	あきやまうに			1
02110007	0211	7	信仰は儚き人間の為に	ZUN	あきやまうに	02070011	0
02110008	0211	8	おてんば恋娘	ZUN	あきやまうに	02010005	0
02110009	0211	9	上海紅茶館　～ Chinese Tea	ZUN	あきやまうに	02010006	0
02110010	0211	10	霊知の太陽信仰　～ Nuclear Fusion	ZUN	あきやまうに	02090013	0
02110011	0211	11	明日ハレの日、ケの昨日	ZUN	あきやまうに	02070014	0
02110012	0211	12	アンノウンＸ　～ Unfound Adventure	ZUN			1
02110013	0211	13	空に浮かぶ物体Ｘ	ZUN			1
02110014	0211	14	二色蓮花蝶　～ Ancients	ZUN	あきやまうに	06020018	0
02110015	0211	15	恋色マジック	ZUN	あきやまうに	01020009	0
02110016	0211	16	the Grimoire of Alice	ZUN	あきやまうに	01050017	0
02110017	0211	17	ヴワル魔法図書館	ZUN	あきやまうに	02010008	0
02110018	0211	18	東方妖恋談	ZUN	あきやまうに	01030003	0
02120001	0212	1	ニュースハウンド	ZUN			1
02120002	0212	2	あなたの町の怪事件	ZUN			1
02120003	0212	3	妖怪モダンコロニー	ZUN			1
02120004	0212	4	ネメシスの要塞	ZUN			1
02120005	0212	5	無間の鐘　～ Infinite Nightmare	ZUN			1
02120006	0212	6	妖怪の山　～ Mysterious Mountain	ZUN		02070009	0
02120007	0212	7	曲名不明	ZUN			1
02130001	0213	1	春の氷精	ZUN			1
02130002	0213	2	可愛い大戦争のリフレーン	ZUN			1
02130003	0213	3	いたずらに命をかけて	ZUN			1
02130004	0213	4	年中夢中の好奇心	ZUN			1
02130005	0213	5	真夜中のフェアリーダンス	ZUN			1
02130006	0213	6	妖精大戦争　～ Fairy Wars	ZUN			1
02130007	0213	7	ルーズレイン	ZUN			1
02130008	0213	8	メイガスナイト	ZUN			1
02130009	0213	9	春の氷精　- 静 -	ZUN			1
02130010	0213	10	プレイヤーズスコア	ZUN		02070018	0
02140001	0214	1	欲深き霊魂	ZUN			1
02140002	0214	2	死霊の夜桜	ZUN			1
02140003	0214	3	ゴーストリード	ZUN			1
02140004	0214	4	妖怪寺へようこそ	ZUN			1
02140005	0214	5	門前の妖怪小娘	ZUN			1
02140006	0214	6	素敵な墓場で暮しましょ	ZUN			1
02140007	0214	7	リジッドパラダイス	ZUN			1
02140008	0214	8	デザイアドライブ	ZUN			1
02140009	0214	9	古きユアンシェン	ZUN			1
02140010	0214	10	夢殿大祀廟	ZUN			1
02140011	0214	11	大神神話伝	ZUN			1
02140012	0214	12	小さな欲望の星空	ZUN			1
02140013	0214	13	聖徳伝説　～ True Administrator	ZUN			1
02140014	0214	14	妖怪裏参道	ZUN			1
02140015	0214	15	佐渡の二ッ岩	ZUN			1
02140016	0214	16	神社の新しい風	ZUN			1
02140017	0214	17	デザイアドリーム	ZUN			1
02140018	0214	18	プレイヤーズスコア	ZUN		02070018	0
02150001	0215	1	塵界不変のペシミズム～心綺楼囃子	あきやまうに			1
02150002	0215	2	人気のある場所	あきやまうに			1
02150003	0215	3	春色小径　～ Colorful Path	ZUN	あきやまうに	02050002	0
02150004	0215	4	メイガスナイト	ZUN	あきやまうに	02130008	0
02150005	0215	5	時代親父とハイカラ少女	ZUN	あきやまうに	02100007	0
02150006	0215	6	感情の摩天楼　～ Cosmic Mind	ZUN	あきやまうに	02100013	0
02150007	0215	7	大神神話伝	ZUN	あきやまうに	02140011	0
02150008	0215	8	聖徳伝説　～ True Administrator	ZUN	あきやまうに	02140013	0
02150009	0215	9	芥川龍之介の河童 ～ Candid Friend	ZUN	あきやまうに	02070007	0
02150010	0215	10	ハルトマンの妖怪少女	ZUN	あきやまうに	02090015	0
02150011	0215	11	人気のない場所	あきやまうに			1
02150012	0215	12	佐渡の二ッ岩	ZUN	あきやまうに	02140015	0
02150013	0215	13	本日の一面記事	あきやまうに			1
02150014	0215	14	幻想郷の二ッ岩	ZUN			1
02150015	0215	15	丑三つ時の里	あきやまうに			1
02150016	0215	16	亡失のエモーション	ZUN			1
02150017	0215	17	暁雲	あきやまうに			1
02150018	0215	18	官板黄昏新聞 (Short Version)	あきやまうに			1
02150019	0215	19	心綺楼囃子 (Short Version)	あきやまうに			1
02150020	0215	20	心綺楼囃子	あきやまうに			1
02150021	0215	21	演者選択	あきやまうに			1
02150022	0215	22	使われなかった場所	あきやまうに			1
02150023	0215	23	人気爆発／博麗霊夢	ZUN	あきやまうに		1
02150024	0215	24	人気爆発／霧雨魔理沙	ZUN	あきやまうに		1
02150025	0215	25	人気爆発／雲居一輪＆雲山	ZUN	あきやまうに		1
02150026	0215	26	人気爆発／聖白蓮	ZUN	あきやまうに		1
02150027	0215	27	人気爆発／物部布都	ZUN	あきやまうに		1
02150028	0215	28	人気爆発／豊聡耳神子	ZUN	あきやまうに		1
02150029	0215	29	人気爆発／河城にとり	ZUN	あきやまうに		1
02150030	0215	30	人気爆発／古明地こいし	ZUN	あきやまうに		1
02150031	0215	31	人気爆発／二ッ岩マミゾウ	ZUN	あきやまうに		1
02150032	0215	32	人気爆発／秦こころ	ZUN	あきやまうに		1
02150033	0215	33	ラストワード発動	あきやまうに			1
02150034	0215	34	官板黄昏新聞	あきやまうに			1
02160001	0216	1	不思議なお祓い棒	ZUN			1
02160002	0216	2	ミストレイク	ZUN			1
02160003	0216	3	秘境のマーメイド	ZUN			1
02160004	0216	4	運河を行き交う人妖	ZUN			1
02160005	0216	5	柳の下のデュラハン	ZUN			1
02160006	0216	6	満月の竹林	ZUN			1
02160007	0216	7	孤独なウェアウルフ	ZUN			1
02160008	0216	8	マジカルストーム	ZUN			1
02160009	0216	9	幻想浄瑠璃	ZUN			1
02160010	0216	10	空中に沈む輝針城	ZUN			1
02160011	0216	11	リバースイデオロギー	ZUN			1
02160012	0216	12	針小棒大の天守閣	ZUN			1
02160013	0216	13	輝く針の小人族　～ Little Princess	ZUN			1
02160014	0216	14	魔力の雷雲	ZUN			1
02160015	0216	15	始原のビート　～ Pristine Beat	ZUN			1
02160016	0216	16	小槌の魔力	ZUN			1
02160017	0216	17	不思議な不思議な道具達	ZUN			1
02160018	0216	18	プレイヤーズスコア	ZUN		02070018	0
02170001	0217	1	反則の狼煙を上げろ	ZUN			1
02170002	0217	2	不可能弾幕には反則を	ZUN			1
02170003	0217	3	ミッドナイトスペルカード	ZUN			1
02170004	0217	4	ロマンチック逃飛行	ZUN			1
02170005	0217	5	永遠の三日天下	ZUN			1
02170006	0217	6	秘境のマーメイド	ZUN		02160003	0
02170007	0217	7	リバースイデオロギー	ZUN		02160011	0
02170008	0217	8	幻想浄瑠璃	ZUN		02160009	0
02170009	0217	9	妖怪の山　～ Mysterious Mountain	ZUN		02070009	0
02170010	0217	10	プレイヤーズスコア	ZUN		02070018	0
02180001	0218	1	二色蓮花蝶 ～ Red and White	ZUN	コンプ	03010002	0
02180002	0218	2	恋色マスタースパーク	ZUN	oiko	02040010	0
02180003	0218	3	時代親父とハイカラ少女	ZUN	しゃばだば	02100007	0
02180004	0218	4	感情の摩天楼　～ Cosmic Mind	ZUN	NYO	02100013	0
02180005	0218	5	大神神話伝	ZUN	鯛の小骨	02140011	0
02180006	0218	6	聖徳伝説　～ True Administrator	ZUN	鷹	02140013	0
02180007	0218	7	芥川龍之介の河童　～ Candid Friend	ZUN	ゆうゆ	02070007	0
02180008	0218	8	ハルトマンの妖怪少女	ZUN	岸田	02090015	0
02180009	0218	9	幻想郷の二ッ岩	ZUN	秀三	02150014	0
02180010	0218	10	亡失のエモーション	ZUN	どぶウサギ	02150016	0
02180011	0218	11	月まで届け、不死の煙	ZUN	ziki_7	02040018	0
02180012	0218	12	輝く針の小人族　～ Little Princess	ZUN	あきやまうに	02160013	0
02180013	0218	13	心揺さぶる都市伝説	あきやまうに			1
02180014	0218	14	幻想郷ふしぎ発見	あきやまうに			1
02180015	0218	15	ボールのある日常	あきやまうに			1
02180016	0218	16	顕現した伝承の形	あきやまうに			1
02180017	0218	17	時代の風の訪れ	あきやまうに			1
02180018	0218	18	価値がわからない	あきやまうに			1
02180019	0218	19	可能性を信じて	あきやまうに			1
02180020	0218	20	真実を知る者	あきやまうに			1
02180021	0218	21	外界フォークロア	あきやまうに			1
02180022	0218	22	各々の結末	あきやまうに			1
02180023	0218	23	明かされる深秘	あきやまうに			1
02180024	0218	24	オカルトアラカルト	あきやまうに			1
02180025	0218	25	七玉蒐集ショウダウン	あきやまうに			1
02180026	0218	26	公正なる奪い合い	あきやまうに			1
02180027	0218	27	対蹠地の鐘	あきやまうに			1
02180028	0218	28	竹林インフレイム	あきやまうに			1
02180029	0218	29	華狭間のバトルフィールド	ZUN			1
02180030	0218	30	ラストオカルティズム　～ 現し世の秘術師	ZUN			1
02190001	0219	1	宇宙巫女現る	ZUN			1
02190002	0219	2	忘れがたき、よすがの緑	ZUN			1
02190003	0219	3	兎は舞い降りた	ZUN			1
02190004	0219	4	湖は浄めの月光を映して	ZUN			1
02190005	0219	5	九月のパンプキン	ZUN			1
02190006	0219	6	宇宙を飛ぶ不思議な巫女	ZUN			1
02190007	0219	7	永遠の春夢	ZUN			1
02190008	0219	8	凍り付いた永遠の都	ZUN			1
02190009	0219	9	逆転するホイールオブフォーチュン	ZUN			1
02190010	0219	10	遥か３８万キロのボヤージュ	ZUN			1
02190011	0219	11	星条旗のピエロ	ZUN			1
02190012	0219	12	故郷の星が映る海	ZUN			1
02190013	0219	13	ピュアヒューリーズ　～ 心の在処	ZUN			1
02190014	0219	14	見た事も無い悪夢の世界	ZUN			1
02190015	0219	15	パンデモニックプラネット	ZUN			1
02190016	0219	16	神社から見える月	ZUN			1
02190017	0219	17	宇宙巫女帰還する	ZUN			1
02190018	0219	18	プレイヤーズスコア	ZUN		02070018	0
02200001	0220	1	異変の種子	あきやまうに			1
02200002	0220	2	憑依投合	あきやまうに			1
02200003	0220	3	連帯責人	あきやまうに			1
02200004	0220	4	合縁奇縁	あきやまうに			1
02200005	0220	5	異心同体	あきやまうに			1
02200006	0220	6	壮言大語	あきやまうに			1
02200007	0220	7	知略縦横	あきやまうに			1
02200008	0220	8	意気揚々	あきやまうに			1
02200009	0220	9	開演間近	あきやまうに			1
02200010	0220	10	天衣無縫　～ Yellow Lily	あきやまうに			1
02200011	0220	11	地の色は黄色　～ Primrose	あきやまうに			1
02200012	0220	12	マッシュルーム・ワルツ	あきやまうに			1
02200013	0220	13	聖輦船空を往く	あきやまうに			1
02200014	0220	14	法力の下の平等	あきやまうに			1
02200015	0220	15	恒常不変の参廟祀	あきやまうに			1
02200016	0220	16	光輝く天球儀	あきやまうに			1
02200017	0220	17	沢の河童の技術力	あきやまうに			1
02200018	0220	18	地底に咲く薔薇	あきやまうに			1
02200019	0220	19	深緑の狸森にて	あきやまうに			1
02200020	0220	20	心綺楼演舞	あきやまうに			1
02200021	0220	21	不滅のレッドソウル	あきやまうに			1
02200022	0220	22	落日に映える逆さ城	あきやまうに			1
02200023	0220	23	千の試練を超えて	あきやまうに			1
02200024	0220	24	夢世界フォークロア	あきやまうに			1
02200025	0220	25	永遠に続く回廊	あきやまうに			1
02200026	0220	26	スリープシープ・パレード	あきやまうに			1
02200027	0220	27	至る有頂天	あきやまうに			1
02200028	0220	28	オカルトアトラクト	あきやまうに		06050004	0
02200029	0220	29	ネオ竹林インフレイム	あきやまうに		06100002	0
02200030	0220	30	億万劫の鐘	あきやまうに		06050003	0
02200031	0220	31	二色蓮花蝶　～ Red and White	ZUN	コンプ	03010002	0
02200032	0220	32	恋色マスタースパーク	ZUN	oiko	02040010	0
02200033	0220	33	時代親父とハイカラ少女	ZUN	しゃばだば	02100007	0
02200034	0220	34	感情の摩天楼　～ Cosmic Mind	ZUN	NYO	02100013	0
02200035	0220	35	大神神話伝	ZUN	鯛の小骨	02140011	0
02200036	0220	36	聖徳伝説　～ True Administrator	ZUN	鷹	02140013	0
02200037	0220	37	芥川龍之介の河童 ～ Candid Friend	ZUN	ゆうゆ	02070007	0
02200038	0220	38	ハルトマンの妖怪少女	ZUN	岸田	02090015	0
02200039	0220	39	幻想郷の二ッ岩	ZUN	秀三	02150014	0
02200040	0220	40	亡失のエモーション	ZUN	どぶウサギ	02150016	0
02200041	0220	41	月まで届け、不死の煙	ZUN	ziki_7	02040018	0
02200042	0220	42	輝く針の小人族　～ Little Princess	ZUN	ぴずや	02160013	0
02200043	0220	43	華狭間のバトルフィールド	ZUN	Kou Ogata	02180029	0
02200044	0220	44	ラストオカルティズム　～ 現し世の秘術師	ZUN	ARM	02180030	0
02200045	0220	45	狂気の瞳　～ Invisible Full Moon	ZUN	ビートまりお	02040012	0
02200046	0220	46	永遠の春夢	ZUN	狐夢想	02190007	0
02200047	0220	47	有頂天変　～ Wonderful Heaven	ZUN	紅い流星	02080015	0
02200048	0220	48	夜が降りてくる　～ Evening Star	ZUN	ELEMENTAS	02030017	0
02200049	0220	49	アンノウンＸ　～ Occultly Madness	ZUN		06050006	0
02200050	0220	50	憑坐は夢と現の間に　～ Necro-Fantasia	ZUN			1
02200051	0220	51	今宵は飄逸なエゴイスト(Live ver)　～ Egoistic Flowers.	ZUN			1
02200052	0220	52	行雲流水	あきやまうに			1
02200053	0220	53	疑惑の芽生え	あきやまうに			1
02200054	0220	54	未だ蕾む憑依華	あきやまうに			1
02200055	0220	55	真相へ繋がる枝葉	あきやまうに			1
02200056	0220	56	咲き誇る憑依華	あきやまうに			1
02200057	0220	57	舞い散る憑依華吹雪	あきやまうに			1
02200058	0220	58	悠久の蒸気機関	あきやまうに	Kou Ogata	02110006	0
02210001	0221	1	桜舞い散る天空	ZUN			1
02210002	0221	2	希望の星は青霄に昇る	ZUN			1
02210003	0221	3	真夏の妖精の夢	ZUN			1
02210004	0221	4	色無き風は妖怪の山に	ZUN			1
02210005	0221	5	山奥のエンカウンター	ZUN			1
02210006	0221	6	桜色の海を泳いで	ZUN			1
02210007	0221	7	一対の神獣	ZUN			1
02210008	0221	8	幻想のホワイトトラベラー	ZUN			1
02210009	0221	9	魔法の笠地蔵	ZUN			1
02210010	0221	10	禁断の扉の向こうは、この世かあの世か	ZUN			1
02210011	0221	11	クレイジーバックダンサーズ	ZUN			1
02210012	0221	12	イントゥ・バックドア	ZUN			1
02210013	0221	13	秘匿されたフォーシーズンズ	ZUN			1
02210014	0221	14	もうドアには入れない	ZUN			1
02210015	0221	15	秘神マターラ　～ Hidden Star in All Seasons.	ZUN			1
02210016	0221	16	不自然な自然	ZUN			1
02210017	0221	17	白い旅人	ZUN			1
02210018	0221	18	プレイヤーズスコア	ZUN		02070018	0
02220001	0222	1	悪夢日記	ZUN			1
02220002	0222	2	ルーシッドドリーマー	ZUN			1
02220003	0222	3	ルナティックドリーマー	ZUN			1
02220004	0222	4	ナイトメアダイアリー	ZUN			1
02220005	0222	5	バー・オールドアダム	ZUN		03100001	0
02220006	0222	6	燕石博物誌が連れてきた闇	ZUN		03100002	0
02220007	0222	7	永遠の春夢	ZUN		02190007	0
02220008	0222	8	秘匿されたフォーシーズンズ	ZUN		02210013	0
02230001	0223	1	物言わぬ獣の霊	ZUN			1
02230002	0223	2	地蔵だけが知る哀嘆	ZUN			1
02230003	0223	3	ジェリーストーン	ZUN			1
02230004	0223	4	ロストリバー	ZUN			1
02230005	0223	5	石の赤子と水中の牛	ZUN			1
02230006	0223	6	不朽の曼珠沙華	ZUN			1
02230007	0223	7	セラフィックチキン	ZUN			1
02230008	0223	8	アンロケイテッドヘル	ZUN			1
02230009	0223	9	トータスドラゴン　～ 幸運と不運	ZUN			1
02230010	0223	10	ビーストメトロポリス	ZUN			1
02230011	0223	11	セラミックスの杖刀人	ZUN			1
02230012	0223	12	エレクトリックヘリテージ	ZUN			1
02230013	0223	13	偶像に世界を委ねて　～ Idoratrize World	ZUN			1
02230014	0223	14	輝かしき弱肉強食の掟	ZUN			1
02230015	0223	15	聖徳太子のペガサス　～ Dark Pegasus	ZUN			1
02230016	0223	16	畜生達の休息	ZUN			1
02230017	0223	17	地下からの帰還	ZUN			1
02230018	0223	18	プレイヤーズスコア	ZUN		02070018	0
02240001	0224	1	水没した沈愁地獄	ziki_7			1
02240002	0224	2	東方剛欲異聞	ziki_7			1
02240003	0224	3	天理人欲	ziki_7			1
02240004	0224	4	魔法使いの憂鬱	ZUN	ziki_7	05070001	0
02240005	0224	5	暗闇の風穴	ZUN	ziki_7	02090002	0
02240006	0224	6	旧地獄街道を行く	ZUN	ziki_7	02090006	0
02240007	0224	7	業火マントル	ZUN	ziki_7	02090012	0
02240008	0224	8	御柱の墓場	ZUN	ziki_7	02070012	0
02240009	0224	9	大地の底、剛欲の海	ziki_7			1
02240010	0224	10	不朽の曼殊沙華	ZUN	ziki_7	02230006	0
02240011	0224	11	魔法少女達の百年祭	ZUN	ziki_7	02010014	0
02240012	0224	12	少女綺想曲	ZUN	ziki_7	02040009	0
02240013	0224	13	恋色マスタースパーク	ZUN	ziki_7	02040010	0
02240014	0224	14	封じられた妖怪	ZUN	ziki_7	02090003	0
02240015	0224	15	万年置き傘にご注意を	ZUN	ziki_7	02100005	0
02240016	0224	16	キャプテンムラサ	ZUN	ziki_7	02100009	0
02240017	0224	17	神さびた古戦場	ZUN	ziki_7	02070013	0
02240018	0224	18	今宵は飄逸なエゴイスト　～ Egoistic Flowers.	ZUN	ziki_7	02200051	0
02240019	0224	19	華のさかづき大江山	ZUN	ziki_7	02090007	0
02240020	0224	20	霊知の太陽信仰	ZUN	ziki_7	02090013	0
02240021	0224	21	セラフィックチキン	ZUN	ziki_7	02230007	0
02240022	0224	22	U.N.オーエンは彼女なのか？	ZUN	ziki_7	02010015	0
02240023	0224	23	強欲な獣のメメント	ZUN			1
02240024	0224	24	有機体全てのメメント　～ Memory of Fossil Energy.	ZUN			1
02250001	0225	1	虹の架かる幻想郷	ZUN			1
02250002	0225	2	妖異達の通り雨	ZUN			1
02250003	0225	3	大吉キトゥン	ZUN			1
02250004	0225	4	深緑に隠された断崖	ZUN			1
02250005	0225	5	バンデットリィテクノロジー	ZUN			1
02250006	0225	6	駒草咲くパーペチュアルスノー	ZUN			1
02250007	0225	7	スモーキングドラゴン	ZUN			1
02250008	0225	8	廃れゆく産業遺構	ZUN			1
02250009	0225	9	神代鉱石	ZUN			1
02250010	0225	10	待ちわびた逢魔が時	ZUN			1
02250011	0225	11	星降る天魔の山	ZUN			1
02250012	0225	12	ルナレインボー	ZUN			1
02250013	0225	13	あの賑やかな市場は今どこに　～ Immemorial Marketeers	ZUN			1
02250014	0225	14	幻想の地下大線路網	ZUN			1
02250015	0225	15	龍王殺しのプリンセス	ZUN			1
02250016	0225	16	嵐の後の日曜日	ZUN			1
02250017	0225	17	虹色の世界	ZUN			1
02250018	0225	18	プレイヤーズスコア	ZUN		02070018	0
02260001	0226	1	コレクターの憂鬱な午後	ZUN			1
02260002	0226	2	ワクワクする見慣れた幻想郷	ZUN			1
02260003	0226	3	妖怪フックオン	ZUN			1
02260004	0226	4	闇市場は場所を選ばない	ZUN			1
02260005	0226	5	弾幕を持て、バレットフィリア達よ	ZUN			1
02260006	0226	6	１００回目のブラックマーケット	ZUN			1
02260007	0226	7	ルナティックドリーマー	ZUN		02220003	0
02260008	0226	8	ルナレインボー	ZUN		02250012	0
02260009	0226	9	あの賑やかな市場は今どこに　～ Immemorial Marketeers	ZUN		02250013	0
02260010	0226	10	虹色の世界	ZUN		02250017	0
03010001	0301	1	蓬莱伝説	ZUN			1
03010002	0301	2	二色蓮花蝶　～ Red and White	ZUN			1
03010003	0301	3	桜花之恋塚　～ Japanese Flower	ZUN			1
03010004	0301	4	明治十七年の上海アリス	ZUN		02010007	0
03010005	0301	5	東方怪奇談	ZUN		01010005	0
03010006	0301	6	エニグマティクドール	ZUN			1
03010007	0301	7	サーカスレヴァリエ	ZUN			1
03010008	0301	8	人形の森	ZUN			1
03010009	0301	9	Witch of Love Potion	ZUN		07040001	0
03010010	0301	10	リーインカーネイション	ZUN			1
03010011	0301	11	U.N.オーエンは彼女なのか？	ZUN		02010015	0
03010012	0301	12	永遠の巫女	ZUN		01010002	0
03010013	0301	13	空飛ぶ巫女の不思議な毎日	ZUN			1
03020001	0302	1	夜のデンデラ野を逝く	ZUN			1
03020002	0302	2	少女秘封倶楽部	ZUN			1
03020003	0302	3	東方妖々夢　～ Ancient Temple	ZUN		02020010	0
03020004	0302	4	古の冥界寺	ZUN			1
03020005	0302	5	幻視の夜　～ Ghostly Eyes	ZUN		02040002	0
03020006	0302	6	魔術師メリー	ZUN			1
03020007	0302	7	月の妖鳥、化猫の幻	ZUN			1
03020008	0302	8	過去の花　～ Fairy of Flower	ZUN		02020021	0
03020009	0302	9	魔法少女十字軍	ZUN		06020011	0
03020010	0302	10	少女幻葬　～ Necro-Fantasy	ZUN		02020016	0
03020011	0302	11	幻想の永遠祭	ZUN			1
03030001	0303	1	童祭　～ Innocent Treasures	ZUN			1
03030002	0303	2	華胥の夢	ZUN			1
03030003	0303	3	上海紅茶館　～ Chinese Tea	ZUN		02010006	0
03030004	0303	4	ヴォヤージュ1969	ZUN		02040013	0
03030005	0303	5	科学世紀の少年少女	ZUN			1
03030006	0303	6	永夜の報い　～ Imperishable Night.	ZUN		02040008	0
03030007	0303	7	夜が降りてくる　～ Evening Star	ZUN		02030017	0
03030008	0303	8	人形裁判　～ 人の形弄びし少女	ZUN		02020007	0
03030009	0303	9	夢と現の境界	ZUN			1
03030010	0303	10	幻想機械　～ Phantom Factory	ZUN			1
03030011	0303	11	幽玄の槭樹　～ Eternal Dream	ZUN			1
03040001	0304	1	ヒロシゲ36号　～ Neo Super-Express	ZUN			1
03040002	0304	2	53ミニッツの青い海	ZUN			1
03040003	0304	3	竹取飛翔　～ Lunatic Princess	ZUN		02040015	0
03040004	0304	4	彼岸帰航　～ Riverside View	ZUN		02050014	0
03040005	0304	5	青木ヶ原の伝説	ZUN			1
03040006	0304	6	お宇佐さまの素い幡	ZUN		02050010	0
03040007	0304	7	月まで届け不死の煙	ZUN		02040018	0
03040008	0304	8	レトロスペクティブ京都	ZUN		02060005	0
03040009	0304	9	ラクトガール　～ 少女密室	ZUN		02010009	0
03040010	0304	10	千年幻想郷　～ History of the Moon	ZUN		02040014	0
03040011	0304	11	最も澄みわたる空と海	ZUN			1
03050001	0305	1	月面ツアーへようこそ	ZUN			1
03050002	0305	2	天空のグリニッジ	ZUN			1
03050003	0305	3	東の国の眠らない夜	ZUN		02060004	0
03050004	0305	4	車椅子の未来宇宙	ZUN			1
03050005	0305	5	Demystify Feast	ZUN		02030016	0
03050006	0305	6	衛星カフェテラス	ZUN			1
03050007	0305	7	G Free	ZUN			1
03050008	0305	8	大空魔術　～ Magical Astronomy	ZUN			1
03050009	0305	9	ネクロファンタジア	ZUN		02020018	0
03050010	0305	10	向こう側の月	ZUN			1
03060001	0306	1	未知の花 魅知の旅	ZUN			1
03060002	0306	2	無間の鐘　～ Infinite Nightmare	ZUN		02120005	0
03060003	0306	3	明日ハレの日、ケの昨日	ZUN		02070014	0
03070001	0307	1	衛星トリフネ	ZUN			1
03070002	0307	2	トロヤ群の密林	ZUN			1
03070003	0307	3	デザイアドライブ	ZUN		02140008	0
03070004	0307	4	フェアリー冒険譚	ZUN		05080001	0
03070005	0307	5	天鳥船神社	ZUN			1
03070006	0307	6	夜空のユーフォーロマンス	ZUN		02100014	0
03070007	0307	7	ハルトマンの妖怪少女	ZUN		02090015	0
03070008	0307	8	天鳥船神社の結界	ZUN			1
03070009	0307	9	感情の摩天楼　～ Cosmic Mind	ZUN		02100013	0
03070010	0307	10	宇宙に浮かぶ幻想郷	ZUN			1
03080001	0308	1	緑のサナトリウム	ZUN			1
03080002	0308	2	牛に引かれて善光寺参り	ZUN			1
03080003	0308	3	ハートフェルトファンシー	ZUN		02090008	0
03080004	0308	4	六十年目の東方裁判　～ Fate of Sixty Years	ZUN		02050015	0
03080005	0308	5	アガルタの風	ZUN			1
03080006	0308	6	イザナギオブジェクト	ZUN			1
03080007	0308	7	妖怪裏参道	ZUN		02140014	0
03080008	0308	8	アンノウンＸ　～ Unfound Adventure	ZUN		02110012	0
03080009	0308	9	日本中の不思議を集めて	ZUN			1
03080010	0308	10	素敵な墓場で暮しましょ	ZUN		02140006	0
03090001	0309	1	他愛も無い二人の博物誌	ZUN			1
03090002	0309	2	凍り付いた永遠の都	ZUN		02190008	0
03090003	0309	3	Dr.レイテンシーの眠れなくなる瞳	ZUN			1
03090004	0309	4	九月のパンプキン	ZUN		02190005	0
03090005	0309	5	須臾はプランクを超えて	ZUN			1
03090006	0309	6	シュレディンガーの化猫	ZUN			1
03090007	0309	7	空中に沈む輝針城	ZUN		02160010	0
03090008	0309	8	禁忌の膜壁	ZUN			1
03090009	0309	9	故郷の星が映る海	ZUN		02190012	0
03090010	0309	10	ピュアヒューリーズ　～ 心の在処	ZUN		02190013	0
03090011	0309	11	永遠の三日天下	ZUN		02170005	0
03100001	0310	1	バー・オールドアダム	ZUN			1
03100002	0310	2	燕石博物誌が連れてきた闇	ZUN			1
03100003	0310	3	リバースイデオロギー	ZUN		02160011	0
03100004	0310	4	アウトサイダーカクテル	ZUN			1
03100005	0310	5	大神神話伝	ZUN		02140011	0
03100006	0310	6	パンデモニックプラネット	ZUN		02190015	0
03100007	0310	7	旧世界の冒険酒場	ZUN			1
03100008	0310	8	魔界地方都市エソテリア	ZUN		02100010	0
03100009	0310	9	亡失のエモーション	ZUN		02150016	0
03100010	0310	10	二日酔いの同床異夢	ZUN			1
03110001	0311	1	七ツ石の狼、雲を取りに駆ける	ZUN			1
03110002	0311	2	幻想のホワイトトラベラー	ZUN		02210008	0
03110003	0311	3	あの賑やかな市場は今どこに　～ Immemorial Marketeers	ZUN		02250013	0
04010001	0401	1	幻想郷　～ Lotus Land Story	ZUN		01040001	0
04010002	0401	2	Witching Dream	ZUN		01040002	0
04010003	0401	3	Selene's light	ZUN		01040003	0
04010004	0401	4	装飾戦　～ Decoration Battle	ZUN		01040004	0
04010005	0401	5	Break the Sabbath	ZUN		01040005	0
04010006	0401	6	紅響曲　～ Scarlet Phoneme	ZUN		01040006	0
04010007	0401	7	Bad Apple!!	ZUN		01040007	0
04010008	0401	8	霊戦　～ Perdition crisis	ZUN		01040008	0
04010009	0401	9	アリスマエステラ	ZUN		01040009	0
04010010	0401	10	少女綺想曲　～ Capriccio	ZUN		01040010	0
04010011	0401	11	星の器　～ Casket of Star	ZUN		01040011	0
04010012	0401	12	Lotus Love	ZUN		01040012	0
04010013	0401	13	眠れる恐怖　～ Sleeping Terror	ZUN		01040013	0
04010014	0401	14	Dream Land	ZUN		01040014	0
04010015	0401	15	幽夢　～ Inanimate Dream	ZUN		01040015	0
04010016	0401	16	禁じざるをえない遊戯	ZUN		01040016	0
04010017	0401	17	メイド幻想　～ Icemilk Magic	ZUN		01040017	0
04010018	0401	18	かわいい悪魔　～ Innocence	ZUN		01040018	0
04010019	0401	19	Days	ZUN		01040019	0
04010020	0401	20	Peaceful	ZUN		01040020	0
04010021	0401	21	Arcadian Dream	ZUN		01040021	0
04010022	0401	22	幻想の住人	ZUN		01040022	0
04010023	0401	23	Lotus Road	ZUN		01040023	0
04010024	0401	24	Dreamy pilot	ZUN		01040024	0
04010025	0401	25	Incomplete Plot	ZUN		01040025	0
04010026	0401	26	Border Land	ZUN		01040026	0
04010027	0401	27	Magic Shop of Raspberry	ZUN		01040027	0
04010028	0401	28	Crescent Dream	ZUN		01040028	0
04010029	0401	29	装飾戦　～ Decoration Battle（未使用バージョン）	ZUN		01040004	0
04010030	0401	30	幽夢　～ Inanimate Dream（未使用バージョン）	ZUN		01040015	0
04020001	0402	1	怪綺談　～ Mystic Square	ZUN		01050001	0
04020002	0402	2	Dream Express	ZUN		01050002	0
04020003	0402	3	魔方陣　～ Magic Square	ZUN			1
04020004	0402	4	夢想時空	ZUN		01050004	0
04020005	0402	5	霊天　～ Spiritual Heaven	ZUN		01050005	0
04020006	0402	6	Romantic Children	ZUN		01050006	0
04020007	0402	7	プラスチックマインド	ZUN		01050007	0
04020008	0402	8	メイプルワイズ	ZUN		01050008	0
04020009	0402	9	禁断の魔法　～ Forbidden Magic	ZUN		01050009	0
04020010	0402	10	真紅の少女　～ Crimson Dead!!	ZUN		01050010	0
04020011	0402	11	裏切りの少女　～ Judas Kiss	ZUN		01050011	0
04020012	0402	12	the Last Judgement	ZUN		01050012	0
04020013	0402	13	悲しき人形　～ Doll of Misery	ZUN		01050013	0
04020014	0402	14	世界の果て　～ World's End	ZUN		01050014	0
04020015	0402	15	神話幻想　～ Infinite Being	ZUN		01050015	0
04020016	0402	16	不思議の国のアリス	ZUN		01050016	0
04020017	0402	17	the Grimoire of Alice	ZUN		01050017	0
04020018	0402	18	神社	ZUN		01050018	0
04020019	0402	19	Endless	ZUN		01050019	0
04020020	0402	20	久遠の楽園	ZUN		01050020	0
04020021	0402	21	Mystic Dream	ZUN		01050021	0
04020022	0402	22	魂の休らむ場所	ZUN		01050023	0
04020023	0402	23	Peaceful Romancer	ZUN		01050022	0
04030001	0403	1	東方封魔録　～ 浄土曼荼羅	ZUN		01020001	0
04030002	0403	2	博麗　～ Eastern Wind	ZUN		01020002	0
04030003	0403	3	She's in a temper!!	ZUN		01020003	0
04030004	0403	4	End of Daylight	ZUN		01020004	0
04030005	0403	5	やみのちから	ZUN		01020005	0
04030006	0403	6	幻夢界	ZUN		01020006	0
04030007	0403	7	死を賭して	ZUN		01020007	0
04030008	0403	8	ひもろぎ、むらさきにもえ	ZUN		01020008	0
04030009	0403	9	恋色マジック	ZUN		01020009	0
04030010	0403	10	東方封魔録　～ 幽幻乱舞	ZUN		01020010	0
04030011	0403	11	Complete Darkness	ZUN		01020011	0
04030012	0403	12	エキストララブ	ZUN		01020012	0
04030013	0403	13	戦車むすめのみるゆめ	ZUN		01020013	0
04030014	0403	14	遠野の森	ZUN		01020014	0
04030015	0403	15	昔話わんだーらんど	ZUN		01020015	0
04030016	0403	16	博麗神社境内	ZUN		01020016	0
04030017	0403	17	陽落ちて	ZUN		01020017	0
04030018	0403	18	封魔終演	ZUN		01020018	0
04040001	0404	1	夢は時空を越えて	ZUN		01030001	0
04040002	0404	2	Selection	ZUN		01030002	0
04040003	0404	3	東方妖恋談	ZUN		01030003	0
04040004	0404	4	Reincarnation	ZUN		01030004	0
04040005	0404	5	Dim. Dream	ZUN		01030005	0
04040006	0404	6	Tabula rasa　～ 空白少女	ZUN		01030006	0
04040007	0404	7	Maniacal Princess	ZUN		01030007	0
04040008	0404	8	夢消失　～ Lost Dream	ZUN		01030008	0
04040009	0404	9	夢幻遊戯　～ Dream War	ZUN		01030009	0
04040010	0404	10	勝利デモ	ZUN		01030020	0
04040011	0404	11	魔法決戦！　～ Fight it out!	ZUN		01030010	0
04040012	0404	12	非統一魔法世界論	ZUN		01030013	0
04040013	0404	13	Sailor of Time	ZUN		01030011	0
04040014	0404	14	魔法鐘愛	ZUN		01030014	0
04040015	0404	15	Strawberry Crisis!!	ZUN		01030012	0
04040016	0404	16	久遠の夢	ZUN		01030015	0
04040017	0404	17	東方の青い空	ZUN		01030016	0
04040018	0404	18	久遠の満月	ZUN			1
04040019	0404	19	Maple Dream...	ZUN		01030018	0
04040020	0404	20	ゲームオーバー	ZUN		01030021	0
04040021	0404	21	霊人の休日	ZUN		01030019	0
04040022	0404	22	時の風	ZUN		01030022	0
04040023	0404	23	スターボウドリーム	ZUN		01030023	0
04040024	0404	24	Phantasmagoria	ZUN		01030024	0
04050001	0405	1	A Sacred Lot	ZUN		01010001	0
04050002	0405	2	永遠の巫女	ZUN		01010002	0
04050003	0405	3	The Positive and Negative	ZUN		01010003	0
04050004	0405	4	Highly Responsive to Prayers	ZUN		01010004	0
04050005	0405	5	東方怪奇談	ZUN		01010005	0
04050006	0405	6	天使伝説	ZUN		01010006	0
04050007	0405	7	Oriental Magician	ZUN		01010007	0
04050008	0405	8	破邪の小太刀	ZUN		01010008	0
04050009	0405	9	魔鏡	ZUN		01010009	0
04050010	0405	10	the Legend of KAGE	ZUN		01010010	0
04050011	0405	11	いざ、倒れ逝くその時まで	ZUN		01010011	0
04050012	0405	12	Civilization of Magic	ZUN			1
04050013	0405	13	星幽天使	ZUN			1
04050014	0405	14	アイリス	ZUN		01010014	0
04050015	0405	15	テーマ・オブ・イースタンストーリー	ZUN			1
05010001	0501	1	風神少女	ZUN		02060006	0
05010002	0501	2	おてんば恋娘の冒険	ZUN		02050007	0
05010003	0501	3	花映塚 ～ after Higan Retour	ZUN			1
05020001	0502	1	ジャパニーズサーガ	ZUN			1
05020002	0502	2	阿礼の子供	ZUN			1
05020003	0502	3	夜の鳩山を飛ぶ‐Power Mix	ZUN			1
05030001	0503	1	サニールチルフレクション	ZUN			1
05030002	0503	2	夜だから眠れない	ZUN			1
05030003	0503	3	妖精燦々として	ZUN			1
05040001	0504	1	サニーミルクの紅霧異変	ZUN			1
05040002	0504	2	雪月桜花の国	ZUN			1
05040003	0504	3	スターヴォヤージュ2008	ZUN			1
05050001	0505	1	妖怪宇宙旅行	ZUN			1
05050002	0505	2	綿月のスペルカード ～Lunatic Blue	ZUN			1
05050003	0505	3	呑んべぇのレムリア(Retro Ver)	ZUN			1
05060001	0506	1	可愛い大戦争のリフレーン	ZUN		02130002	0
05060002	0506	2	サニールチルフレクション	ZUN		05030001	0
05060003	0506	3	夜だから眠れない	ZUN		05030002	0
05060004	0506	4	妖精燦々として	ZUN		05030003	0
05070001	0507	1	魔法使いの憂鬱	ZUN			1
05070002	0507	2	スプートニク幻夜	ZUN		07020008	0
05080001	0508	1	フェアリー冒険譚	ZUN			1
05080002	0508	2	二つの世界	ZUN			1
05090001	0509	1	神域のかくれんぼ暮らし	ZUN			1
05090002	0509	2	妖怪モダンコロニー	ZUN		02120003	0
05100001	0510	1	年中夢中の好奇心	ZUN		02130004	0
05100002	0510	2	真夜中のフェアリーダンス	ZUN		02130005	0
05100003	0510	3	妖精大戦争　～ Fairy Wars	ZUN		02130006	0
05110001	0511	1	判読眼のビブロフィリア	ZUN			1
05110002	0511	2	運河を行き交う人妖	ZUN		02160004	0
05110003	0511	3	兎は舞い降りた	ZUN		02190003	0
06000001	0600	1	遍参	NKZ 		02030023	0
06000002	0600	2	東方妖恋談	ZUN	NKZ 	01030003	0
06000003	0600	3	月輪	NKZ 		02030022	0
06000004	0600	4	恋色マジック	ZUN	NKZ 	01020009	0
06000005	0600	5	あゆのかぜ	NKZ 		02030026	0
06000006	0600	6	メイドと血の懐中時計	ZUN	NKZ 	02010010	0
06000007	0600	7	Intermezzo	NKZ 		02030025	0
06000008	0600	8	ブクレシュティの人形師	ZUN	NKZ 	02020006	0
06000009	0600	9	魔所	NKZ 		02030021	0
06000010	0600	10	ラクトガール～少女密室	ZUN	NKZ 	02010009	0
06000011	0600	11	裏心	NKZ 		02030024	0
06000012	0600	12	広有射怪鳥事～Till When？	ZUN	NKZ 	02020011	0
06000013	0600	13	亡き王女の為のセプテット	ZUN	NKZ 	02010013	0
06000014	0600	14	幽雅に咲かせ、墨染の桜～Border of Life.	ZUN	NKZ 	02020013	0
06000015	0600	15	夏明き	NKZ 		02030019	0
06000016	0600	16	恋色マジック 体験版Ver	ZUN	NKZ 	01020009	0
06000017	0600	17	広有射怪鳥事 体験版Ver	ZUN	NKZ 	02020011	0
06000018	0600	18	東方妖恋談　弐符アレンジ	ZUN	NKZ 	01030003	0
06000019	0600	19	恋色マジック　弐符アレンジ	ZUN	NKZ 	01020009	0
06000020	0600	20	メイドと血の懐中時計　弐符アレンジ	ZUN	NKZ 	02010010	0
06000021	0600	21	ブクレシュティの人形師　弐符アレンジ	ZUN	NKZ 	02020006	0
06000022	0600	22	ラクトガール　弐符アレンジ	ZUN	NKZ 	02010009	0
06000023	0600	23	広有射怪鳥事　弐符アレンジ	ZUN	NKZ 	02020011	0
06000024	0600	24	亡き王女の為のセプテット　弐符アレンジ	ZUN	NKZ 	02010013	0
06000101	0600	1	萃夢想	U2		02030001	0
06000102	0600	2	少女綺想曲　～ Capriccio	ZUN	U2	01040010	0
06000103	0600	3	森閑	U2		02030027	0
06000104	0600	4	魔女達の舞踏会	ZUN	U2	07020017	0
06000105	0600	5	紅夜	U2		02030031	0
06000106	0600	6	月時計　～ ルナ・ダイアル	ZUN	U2	02010011	0
06000107	0600	7	幽境	U2		02030029	0
06000108	0600	8	人形裁判	ZUN	U2	02020007	0
06000109	0600	9	珍客	U2		02030030	0
06000110	0600	10	ヴワル魔法図書館	ZUN	U2	02010008	0
06000111	0600	11	禍機	U2		02030033	0
06000112	0600	12	東方妖々夢　～ Ancient Temple	ZUN	U2	02020010	0
06000113	0600	13	仰空	U2		02030028	0
06000114	0600	14	Demystify Feast	ZUN		02030016	0
06000115	0600	15	戦迅	U2		02030032	0
06000116	0600	16	夜が降りてくる　～ Evening Star	ZUN		02030017	0
06000117	0600	17	砕月	U2		02030034	0
06000118	0600	18	御伽の国の鬼が島	ZUN		02030018	0
06000119	0600	19	東方萃夢想	U2		02030020	0
06000120	0600	20	Demystify Feast(Arrange)	ZUN	U2	02030016	0
06000121	0600	21	夜が降りてくる　～ Evening Star(Arrange)	ZUN	U2	02030017	0
06000122	0600	22	御伽の国の鬼が島(Arrange)	ZUN	U2	02030018	0
06000123	0600	23	東方萃夢想(Arrange)	U2		02030020	0
06010001	0601	1	緋想天	あきやまうに		02080001	0
06010002	0601	2	日常坐臥	あきやまうに		02080002	0
06010003	0601	3	地の色は黄色	あきやまうに		02080003	0
06010004	0601	4	甲論乙駁	あきやまうに		02080004	0
06010005	0601	5	風光明媚	あきやまうに		02080005	0
06010006	0601	6	香る樹葉花	あきやまうに		02080006	0
06010007	0601	7	踊る水飛沫	あきやまうに		02080007	0
06010008	0601	8	以魚駆蠅	あきやまうに		02080008	0
06010009	0601	9	冷吟閑酔	あきやまうに		02080011	0
06010010	0601	10	嘲りの遊戯	あきやまうに		02080010	0
06010011	0601	11	放縦不羈	あきやまうに		02080009	0
06010012	0601	12	雲外蒼天	あきやまうに		02080012	0
06010013	0601	13	黒い海に紅く　～ Legendary Fish	ZUN		02080013	0
06010014	0601	14	天衣無縫	あきやまうに		02080014	0
06010015	0601	15	有頂天変　～ Wonderful Heaven	ZUN		02080015	0
06010016	0601	16	幼心地の有頂天	ZUN		02080016	0
06010017	0601	17	暮色蒼然	あきやまうに		02080017	0
06010018	0601	18	東方緋想天	あきやまうに		02080018	0
06010101	0601	1	緋想天	あきやまうに		02080001	0
06010102	0601	2	東方妖恋談	ZUN	あきやまうに	01030003	0
06010103	0601	3	星の器　～ Casket of Star	ZUN	あきやまうに	01040011	0
06010104	0601	4	フラワリングナイト	ZUN	あきやまうに	02050004	0
06010105	0601	5	ブクレシュティの人形師	ZUN	あきやまうに	02020006	0
06010106	0601	6	広有射怪鳥事 ～ Till When？	ZUN	あきやまうに	02020011	0
06010107	0601	7	ラクトガール　～ 少女密室	ZUN	あきやまうに	02010009	0
06010108	0601	8	幽雅に咲かせ、墨染の桜　～ Border of Life	ZUN	あきやまうに	02020013	0
06010109	0601	9	亡き王女の為のセプテット	ZUN	あきやまうに	02010013	0
06010110	0601	10	夜が降りてくる	ZUN	あきやまうに	02080027	0
06010111	0601	11	砕月	あきやまうに		02030034	0
06010112	0601	12	狂気の瞳　～ Invisible Full Moon	ZUN	あきやまうに	02040012	0
06010113	0601	13	風神少女	ZUN	あきやまうに	02060006	0
06010114	0601	14	彼岸帰航　～ Riverside View	ZUN	あきやまうに	02050014	0
06010115	0601	15	黒い海に紅く　～ Legendary Fish	ZUN	あきやまうに	02080013	0
06010116	0601	16	有頂天変　～ Wonderful Heaven	ZUN	あきやまうに	02080015	0
06010117	0601	17	東方緋想天	あきやまうに		02080018	0
06020001	0602	1	君はあの影を見たか	あきやまうに		02110001	0
06020002	0602	2	萃夢想	あきやまうに		02030001	0
06020003	0602	3	信仰は儚き人間の為に	ZUN	あきやまうに	02070011	0
06020004	0602	4	おてんば恋娘	ZUN	あきやまうに	02010005	0
06020005	0602	5	上海紅茶館　～ Chinese Tea	ZUN	あきやまうに	02010006	0
06020006	0602	6	霊知の太陽信仰　～ Nuclear Fusion	ZUN	あきやまうに	02090013	0
06020007	0602	7	明日ハレの日、ケの昨日	ZUN	あきやまうに	02070014	0
06020008	0602	8	アンノウンＸ　～ Unfound Adventure	ZUN		02110012	0
06020009	0602	9	空に浮かぶ物体Ｘ	ZUN		02110013	0
06020010	0602	10	二色蓮花蝶　～ Ancients	ZUN	あきやまうに	06020018	0
06020011	0602	11	恋色マジック	ZUN	あきやまうに	01020009	0
06020012	0602	12	the Grimoire of Alice	ZUN	あきやまうに	01050017	0
06020013	0602	13	ヴワル魔法図書館	ZUN	あきやまうに	02010008	0
06020014	0602	14	伝説の巨神	あきやまうに		02110003	0
06020015	0602	15	ぼくらの非想天則	あきやまうに		02110004	0
06020016	0602	16	人形のある風景	あきやまうに		02110005	0
06020017	0602	17	悠久の蒸気機関	あきやまうに		02110006	0
06020018	0602	18	アンノウンＸ　～ Unfound Adventure	ZUN	あきやまうに	02110012	0
06020019	0602	19	ぼくらの非想天則 (Full ver.)	あきやまうに		02110004	0
06020020	0602	20	巨大な影と小さな結末	あきやまうに			1
06030001	0603	1	塵界不変のペシミズム～心綺楼囃子	あきやまうに		02150001	0
06030002	0603	2	人気のある場所	あきやまうに		02150002	0
06030003	0603	3	春色小径　～ Colorful Path	ZUN	あきやまうに	02050002	0
06030004	0603	4	メイガスナイト	ZUN	あきやまうに	02130008	0
06030005	0603	5	時代親父とハイカラ少女	ZUN	あきやまうに	02100007	0
06030006	0603	6	感情の摩天楼　～ Cosmic Mind	ZUN	あきやまうに	02100013	0
06030007	0603	7	大神神話伝	ZUN	あきやまうに	02140011	0
06030008	0603	8	聖徳伝説　～ True Administrator	ZUN	あきやまうに	02140013	0
06030009	0603	9	芥川龍之介の河童 ～ Candid Friend	ZUN	あきやまうに	02070007	0
06030010	0603	10	ハルトマンの妖怪少女	ZUN	あきやまうに	02090015	0
06030011	0603	11	人気のない場所	あきやまうに		02150011	0
06030012	0603	12	佐渡のニッ岩	ZUN	あきやまうに	02140015	0
06030013	0603	13	本日の一面記事	あきやまうに		02150013	0
06030014	0603	14	幻想郷の二ッ岩	ZUN		02150014	0
06030015	0603	15	丑三つ時の里	あきやまうに		02150015	0
06030016	0603	16	亡失のエモーション	ZUN		02150016	0
06030017	0603	17	暁雲	あきやまうに		02150017	0
06030018	0603	18	官板黄昏新聞 (Short Version)	あきやまうに		02150018	0
06030019	0603	19	心綺楼囃子 (Short Version)	あきやまうに		02150019	0
06030101	0603	1	心綺楼祭囃子	あきやまうに			1
06030102	0603	2	演者選択	あきやまうに		02150021	0
06030103	0603	3	使われなかった場所	あきやまうに		02150022	0
06030104	0603	4	人気爆発／博麗霊夢	ZUN	あきやまうに	02150023	0
06030105	0603	5	人気爆発／霧雨魔理沙	ZUN	あきやまうに	02150024	0
06030106	0603	6	人気爆発／雲居一輪＆雲山	ZUN	あきやまうに	02150025	0
06030107	0603	7	人気爆発／聖白蓮	ZUN	あきやまうに	02150026	0
06030108	0603	8	人気爆発／物部布都	ZUN	あきやまうに	02150027	0
06030109	0603	9	人気爆発／豊聡耳神子	ZUN	あきやまうに	02150028	0
06030110	0603	10	人気爆発／河城にとり	ZUN	あきやまうに	02150029	0
06030111	0603	11	人気爆発／古明地こいし	ZUN	あきやまうに	02150030	0
06030112	0603	12	人気爆発／二ッ岩マミゾウ	ZUN	あきやまうに	02150031	0
06030113	0603	13	人気爆発／秦こころ	ZUN	あきやまうに	02150032	0
06030114	0603	14	ラストワード発動	あきやまうに		02150033	0
06030115	0603	15	官板黄昏新聞	あきやまうに		02150034	0
06030116	0603	16	亡失のエモーション (Arrange Version)	ZUN	あきやまうに	02150016	0
06040001	0604	1	心揺さぶる都市伝説	あきやまうに		02180013	0
06040002	0604	2	幻想郷ふしぎ発見	あきやまうに		02180014	0
06040003	0604	3	ボールのある日常	あきやまうに		02180015	0
06040004	0604	4	オカルトアラカルト	あきやまうに		02180024	0
06040005	0604	5	顕現した伝承の形	あきやまうに		02180016	0
06040006	0604	6	七玉蒐集ショウダウン	あきやまうに		02180025	0
06040007	0604	7	価値がわからない	あきやまうに		02180018	0
06040008	0604	8	公正なる奪い合い	あきやまうに		02180026	0
06040009	0604	9	可能性を信じて	あきやまうに		02180019	0
06040010	0604	10	対蹠地の鐘	あきやまうに		02180027	0
06040011	0604	11	時代の風の訪れ	あきやまうに		02180017	0
06040012	0604	12	竹林インフレイム	あきやまうに		02180028	0
06040013	0604	13	真実を知る者	あきやまうに		02180020	0
06040014	0604	14	華狭間のバトルフィールド	ZUN		02180029	0
06040015	0604	15	外界フォークロア	あきやまうに		02180021	0
06040016	0604	16	ラストオカルティズム　～ 現し世の秘術師	ZUN		02180030	0
06040017	0604	17	各々の結末	あきやまうに		02180022	0
06040018	0604	18	明かされる深秘	あきやまうに		02180023	0
06040101	0604	1	二色蓮花蝶 ～ Red and White	ZUN	コンプ(豚乙女)	03010002	0
06040102	0604	2	恋色マスタースパーク	ZUN	oiko	02040010	0
06040103	0604	3	時代親父とハイカラ少女	ZUN	しゃばだば(Sound CYCLONE)	02100007	0
06040104	0604	4	感情の摩天楼　～ Cosmic Mind	ZUN	NYO(Silver Forest)	02100013	0
06040105	0604	5	大神神話伝	ZUN	鯛の小骨	02140011	0
06040106	0604	6	聖徳伝説　～ True Administrator	ZUN	鷹(CROW'SCLAW)	02140013	0
06040107	0604	7	芥川龍之介の河童 ～ Candid Friend	ZUN	ゆうゆ	02070007	0
06040108	0604	8	ハルトマンの妖怪少女	ZUN	岸田(岸田教団)	02090015	0
06040109	0604	9	幻想郷の二ッ岩	ZUN	秀三(石鹸屋)	02150014	0
06040110	0604	10	亡失のエモーション	ZUN	どぶウサギ	02150016	0
06040111	0604	11	月まで届け、不死の煙	ZUN	ziki_7	02040018	0
06040112	0604	12	輝く針の小人族　～ Little Princess	ZUN	あきやまうに	02160013	0
06040113	0604	13	華狭間のバトルフィールド	ZUN	あきやまうに	02180029	0
06040114	0604	14	ラストオカルティズム　～ 現し世の秘術師	ZUN	あきやまうに	02180030	0
06040115	0604	15	明かされる深秘	あきやまうに		02180023	0
06050001	0605	1	狂気の瞳　～ Invisible Full Moon	ZUN	ビートまりお	02040012	0
06050002	0605	2	ネオ竹林インフレイム	あきやまうに			1
06050003	0605	3	億万劫の鐘	あきやまうに			1
06050004	0605	4	オカルトアトラクト	あきやまうに			1
06050005	0605	5	境界フォークロア	あきやまうに			1
06050006	0605	6	アンノウンＸ　～ Occultly Madness	ZUN			1
06050007	0605	7	相貌の狂い　～ Horrible Night	あきやまうに			1
06060001	0606	1	異変の種子	あきやまうに		02200001	0
06060002	0606	2	憑依投合	あきやまうに		02200002	0
06060003	0606	3	地の色は黄色　～ Primrose	あきやまうに		02200011	0
06060004	0606	4	マッシュルーム・ワルツ	あきやまうに		02200012	0
06060005	0606	5	連帯責人	あきやまうに		02200003	0
06060006	0606	6	聖輦船空を往く	あきやまうに		02200013	0
06060007	0606	7	法力の下の平等	あきやまうに		02200014	0
06060008	0606	8	疑惑の芽生え	あきやまうに		02200053	0
06060009	0606	9	合縁奇縁	あきやまうに		02200004	0
06060010	0606	10	恒常不変の参廟祀	あきやまうに		02200015	0
06060011	0606	11	光輝く天球儀	あきやまうに		02200016	0
06060012	0606	12	異心同体	あきやまうに		02200005	0
06060013	0606	13	沢の河童の技術力	あきやまうに		02200017	0
06060014	0606	14	地底に咲く薔薇	あきやまうに		02200018	0
06060015	0606	15	深緑の狸森にて	あきやまうに		02200019	0
06060016	0606	16	知略縦横	あきやまうに		02200007	0
06060017	0606	17	憑坐は夢と現の間に　～ Necro-Fantasia	ZUN		02200050	0
06060018	0606	18	行雲流水	あきやまうに		02200052	0
06060019	0606	19	未だ蕾む憑依華	あきやまうに		02200054	0
06060101	0606	1	真相へ繋がる枝葉	あきやまうに		02200055	0
06060102	0606	2	不滅のレッドソウル	あきやまうに		02200021	0
06060103	0606	3	永遠に続く回廊	あきやまうに		02200025	0
06060104	0606	4	壮言大語	あきやまうに		02200006	0
06060105	0606	5	落日に映える逆さ城	あきやまうに		02200022	0
06060106	0606	6	心綺楼演舞	あきやまうに		02200020	0
06060107	0606	7	意気揚々	あきやまうに		02200008	0
06060108	0606	8	夢世界フォークロア	あきやまうに		02200024	0
06060109	0606	9	スリープシープ・パレード	あきやまうに		02200026	0
06060110	0606	10	天衣無縫　～ Yellow Lily	あきやまうに		02200010	0
06060111	0606	11	至る有頂天	あきやまうに		02200027	0
06060112	0606	12	千の試練を超えて	あきやまうに		02200023	0
06060113	0606	13	開演間近	あきやまうに		02200009	0
06060114	0606	14	今宵は飄逸なエゴイスト(Live ver)　～ Egoistic Flowers.	ZUN		02200051	0
06060115	0606	15	咲き誇る憑依華	あきやまうに		02200056	0
06060116	0606	16	舞い散る憑依華吹雪	あきやまうに		02200057	0
06060117	0606	17	悠久の蒸気機関	あきやまうに	Kou Ogata(k-waves LAB)	02110006	0
06060201	0606	1	憑依華	あきやまうに			1
06060202	0606	2	ラストオカルティズム　～ 現し世の秘術師	ZUN	ARM(IOSYS)	02180030	0
06060203	0606	3	永遠の春夢	ZUN	狐夢想(狐夢想屋)	02190007	0
06060204	0606	4	輝く針の小人族　～ Little Princess	ZUN	ぴずや(ぴずやの独房/Pizuya's Cell)	02160013	0
06060205	0606	5	有頂天変　～ Wonderful Heaven	ZUN	紅い流星(東京アクティブNEETs)	02080015	0
06060206	0606	6	華狭間のバトルフィールド	ZUN	Kou Ogata(k-waves LAB)	02180029	0
06060207	0606	7	夜が降りてくる　～ Evening Star	ZUN	ELEMENTAS(A-One)	02030017	0
06060208	0606	8	憑坐は夢と現の間に　～ Necro-Fantasia	ZUN	あきやまうに	02200050	0
06060209	0606	9	今宵は飄逸なエゴイスト　～ Egoistic Flowers.	ZUN	あきやまうに	02200051	0
06070001	0607	1	水没した沈愁地獄	ziki_7		02240001	0
06070002	0607	2	魔法使いの憂鬱	ZUN	ziki_7	05070001	0
06070003	0607	3	恋色マスタースパーク	ZUN	ziki_7	02040010	0
06070004	0607	4	少女綺想曲	ZUN	ziki_7	02040009	0
06070005	0607	5	暗闇の風穴	ZUN	ziki_7	02090002	0
06070006	0607	6	万年置き傘にご注意を	ZUN	ziki_7	02100005	0
06070007	0607	7	封じられた妖怪	ZUN	ziki_7	02090003	0
06070008	0607	8	旧地獄街道を行く	ZUN	ziki_7	02090006	0
06070009	0607	9	華のさかづき大江山	ZUN	ziki_7	02090007	0
06070010	0607	10	御柱の墓場	ZUN	ziki_7	02070012	0
06070011	0607	11	神さびた古戦場	ZUN	ziki_7	02070013	0
06070012	0607	12	キャプテンムラサ	ZUN	ziki_7	02100009	0
06070013	0607	13	業火マントル	ZUN	ziki_7	02090012	0
06070014	0607	14	霊知の太陽信仰	ZUN	ziki_7	02090013	0
06070101	0607	1	不朽の曼殊沙華	ZUN	ziki_7	02230006	0
06070102	0607	2	セラフィックチキン	ZUN	ziki_7	02230007	0
06070103	0607	3	今宵は飄逸なエゴイスト　～ Egoistic Flowers.	ZUN	ziki_7	02200051	0
06070104	0607	4	魔法少女達の百年祭	ZUN	ziki_7	02010014	0
06070105	0607	5	U.N.オーエンは彼女なのか？	ZUN	ziki_7	02010015	0
06070106	0607	6	大地の底、剛欲の海	ziki_7		02240009	0
06070107	0607	7	強欲な獣のメメント	ZUN		02240023	0
06070108	0607	8	有機体全てのメメント　～ Memory of Fossil Energy.	ZUN		02240024	0
06070109	0607	9	天理人欲	ziki_7		02240003	0
06070110	0607	10	東方剛欲異聞	ziki_7		02240002	0
06070111	0607	11	強欲な獣のメメント (Arrange Version)	ZUN	ziki_7	02240023	0
06070112	0607	12	水没した沈愁地獄 (Arrange Version)	ziki_7		02240001	0
07000001	0700	1	夜の鳩山を飛ぶ	ZUN			1
07010001	0701	1	宵闇の魔術師	ZUN			1
07010002	0701	2	Magic of Life	ZUN			1
07010003	0701	3	Plastic Space	ZUN			1
07010004	0701	4	Inventive City	ZUN			1
07010005	0701	5	夢幻回廊	ZUN			1
07010006	0701	6	蓬莱幻想　～ far East	ZUN			1
07020001	0702	1	秋霜玉　～ Clockworks	ZUN			1
07020002	0702	2	フォルスストロベリー	ZUN			1
07020003	0702	3	プリムローズシヴァ	ZUN			1
07020004	0702	4	幻想帝都	ZUN			1
07020005	0702	5	ディザストラスジェミニ	ZUN			1
07020006	0702	6	華の幻想 紅夢の宙	ZUN			1
07020007	0702	7	天空アーミー	ZUN			1
07020008	0702	8	スプートニク幻夜	ZUN			1
07020009	0702	9	機械サーカス　～ Reverie	ZUN			1
07020010	0702	10	カナベラルの夢幻少女	ZUN			1
07020011	0702	11	魔法少女十字軍	ZUN			1
07020012	0702	12	アンティークテラー	ZUN			1
07020013	0702	13	夢機械　～ Innocent Power	ZUN			1
07020014	0702	14	幻想科学　～ Doll's Phantom	ZUN			1
07020015	0702	15	少女神性　～ Pandora's Box	ZUN			1
07020016	0702	16	シルクロードアリス	ZUN			1
07020017	0702	17	魔女達の舞踏会	ZUN			1
07020018	0702	18	二色蓮花蝶　～ Ancients	ZUN			1
07020019	0702	19	ハーセルヴズ	ZUN			1
07020020	0702	20	タイトルドメイド	ZUN			1
07030001	0703	1	稀翁玉　～ Fairy Dance	ZUN			1
07030002	0703	2	天鵞絨少女戦　～ Velvet Battle	ZUN			1
07030003	0703	3	Castle Explorer -in the Sky-	ZUN			1
07030004	0703	4	オルフェの詩　～ Pseudoclassic	ZUN			1
07030005	0703	5	新幻想　～ New Fantasy	ZUN			1
07030006	0703	6	オルレアンの聖騎士	ZUN			1
07030007	0703	7	My Maid, Sweet Maid	ZUN			1
07030008	0703	8	桜花之恋塚　～ Flower of Japan	ZUN			1
07030009	0703	9	乙女戦士　～ Heart of Valkyrie	ZUN			1
07030010	0703	10	エニグマティクドール　～ God Knows	ZUN			1
07040001	0704	1	Witch of Love Potion	ZUN			1
07040002	0704	2	Magical and Hopeless	ZUN			1
07040003	0704	3	Sacred Battle	ZUN			1
07050001	0705	1	シンデレラケージ　～ Kagome-Kagome	ZUN		02040011	0
07050002	0705	2	妖々跋扈　～ Speed Fox!	ZUN			1
07060001	0706	1	呑んべぇのレムリア	ZUN			1
07070001	0707	1	AN ORDEAL FROM GOD	ZUN			1
07080001	0708	1	キュアリアス上海古牌	ZUN			1
07080002	0708	2	神魔討綺伝 AN ORDEAL FROM GOD	ZUN		07070001	0
07090001	0709	1	日々是紅日　～ Folksy Touhou days.	ZUN			1
07990001	0799	1	オリジナル				1
07990002	0799	2	原曲多数				1
07999999	0799	99	その他				1
